num,email,id,status,error
101,"early101@worksfree.co.kr","857c3b66-83c3-40bc-9d76-aa261b9ec3c4",OK,""
102,"early102@worksfree.co.kr","2d4489ba-a589-48f3-9868-61af79fc370e",OK,""
103,"early103@worksfree.co.kr","3bc7b7f1-3e57-40b3-a6d6-67d880f968da",OK,""
104,"early104@worksfree.co.kr","128b4d65-1364-4d59-8cb6-1470452d3410",OK,""
105,"early105@worksfree.co.kr","51994939-5b3f-45c8-89e7-624d01eee833",OK,""
106,"early106@worksfree.co.kr","dc88ec62-6ce2-4429-a431-61738d0e7570",OK,""
107,"early107@worksfree.co.kr","6d2fa1c6-9d1a-4054-a183-19c3fc37aa19",OK,""
108,"early108@worksfree.co.kr","b9c2902c-f8ac-4b96-8fb8-7d41fe7233f1",OK,""
109,"early109@worksfree.co.kr","d3eeeb74-d144-4253-bfb8-7ca40e3a9fb8",OK,""
110,"early110@worksfree.co.kr","9076d507-a80a-436f-8e45-08ee774f0f7e",OK,""
111,"early111@worksfree.co.kr","71a5a875-4b44-4ccc-a875-03b45f576566",OK,""
112,"early112@worksfree.co.kr","b07cf79a-e2bc-41d4-9ec2-1da4f423888e",OK,""
113,"early113@worksfree.co.kr","7c82865f-e206-4567-8033-6c462791593d",OK,""
114,"early114@worksfree.co.kr","f8a5e696-b0bf-4ca0-a7bf-770d3c445abd",OK,""
115,"early115@worksfree.co.kr","e873d7b8-b497-47b7-847a-dd7c3ca2aed1",OK,""
116,"early116@worksfree.co.kr","e606073a-ffa3-4138-842c-ec575a8e7c3b",OK,""
117,"early117@worksfree.co.kr","31d97a2f-f081-42c3-b085-c953ebdcefb6",OK,""
118,"early118@worksfree.co.kr","1693265f-7469-47fa-95d1-afd0b3efde27",OK,""
119,"early119@worksfree.co.kr","ebcb48cc-af6b-4a43-82da-efb7b980bd26",OK,""
120,"early120@worksfree.co.kr","2831547f-4a87-4204-a1cd-513fceee16cf",OK,""
121,"early121@worksfree.co.kr","aa469a47-9596-4025-8baf-b9967069cdbf",OK,""
122,"early122@worksfree.co.kr","9b69cb4b-ce02-4f30-b12c-414c8d6a9fb3",OK,""
123,"early123@worksfree.co.kr","38dc69ff-ff9f-48c9-b599-7801a5c85eab",OK,""
124,"early124@worksfree.co.kr","57a2ed1a-94c7-4488-9556-f9fa92c23e55",OK,""
125,"early125@worksfree.co.kr","1fe06560-1714-4aa3-9614-c8b9261f0fe4",OK,""
126,"early126@worksfree.co.kr","0cef7bdb-f687-420e-890a-e7cc322d715f",OK,""
127,"early127@worksfree.co.kr","0ea5b185-9edb-4742-a95b-5feb32303b3d",OK,""
128,"early128@worksfree.co.kr","c4883139-ef8a-4c60-991b-394aed73a872",OK,""
129,"early129@worksfree.co.kr","70455218-8ff4-48c1-9b42-e743e8c97135",OK,""
130,"early130@worksfree.co.kr","5098459d-e6cf-40a7-a819-964fea23863b",OK,""
131,"early131@worksfree.co.kr","4e2f8a09-89eb-42d2-8b7e-6dd1cc27b30c",OK,""
132,"early132@worksfree.co.kr","20fe1fce-8b9d-40cd-9163-4394dd4066d1",OK,""
133,"early133@worksfree.co.kr","2c2645c7-d2a5-47b2-b8cc-2bef0d1f76d0",OK,""
134,"early134@worksfree.co.kr","8e6272ea-c720-4dc4-bcb0-fdcd9d0fa896",OK,""
135,"early135@worksfree.co.kr","c5d2b7a2-5b7a-4345-a3d9-f177e091ce88",OK,""
136,"early136@worksfree.co.kr","53e51540-7a62-4bc3-92fa-6ea562fb17d9",OK,""
137,"early137@worksfree.co.kr","04ce2a3d-17c2-4071-806b-1b10cbca30d2",OK,""
138,"early138@worksfree.co.kr","5c136d1a-ff1d-45f9-b2bf-deb802634e32",OK,""
139,"early139@worksfree.co.kr","7d8a30d7-c1ce-4309-a199-5114a7516aa2",OK,""
140,"early140@worksfree.co.kr","82037bae-1469-4c0f-8f31-7b118cad98ae",OK,""
141,"early141@worksfree.co.kr","9a329e86-246f-4dec-8da4-fedc0f4f4668",OK,""
142,"early142@worksfree.co.kr","ba383f59-a173-4c84-872b-9bfd08e1d6f0",OK,""
143,"early143@worksfree.co.kr","56aafa19-f0ad-4248-a53b-b6a9bba42881",OK,""
144,"early144@worksfree.co.kr","4e49b2f0-b2c2-42b7-b761-0be5ea712999",OK,""
145,"early145@worksfree.co.kr","630c3b11-2444-41d7-83c2-2fe4c498edda",OK,""
146,"early146@worksfree.co.kr","a0c1686c-8fa3-43b2-a3e2-7f3be69b7f35",OK,""
147,"early147@worksfree.co.kr","5ad3d732-749a-4cb8-9dfc-d107ec178d82",OK,""
148,"early148@worksfree.co.kr","14f2afa1-90e4-45d9-abde-b6f840cf8081",OK,""
149,"early149@worksfree.co.kr","7ff4b983-4b62-43bb-9612-911edf924737",OK,""
150,"early150@worksfree.co.kr","b10eec7d-0c78-43ae-a52b-01561bcaa99b",OK,""
